,job_title,salary_in_usd,employee_residence,company_location,experience_level_EX,experience_level_MI,experience_level_SE,employment_type_FL,employment_type_FT,employment_type_PT,company_size_M,company_size_S,work_year_2021,work_year_2022,remote_ratio_50,remote_ratio_100
0,Machine Learning Engineer,130000,US,US,0,1,0,0,1,0,1,0,0,1,0,0
1,Machine Learning Engineer,90000,US,US,0,1,0,0,1,0,1,0,0,1,0,0
2,Data Scientist,120000,US,US,0,1,0,0,1,0,1,0,0,1,0,1
3,Data Scientist,100000,US,US,0,1,0,0,1,0,1,0,0,1,0,1
4,Data Scientist,85000,US,US,0,1,0,0,1,0,1,0,0,1,0,1
5,Data Scientist,78000,US,US,0,1,0,0,1,0,1,0,0,1,0,1
6,Data Engineer,161000,US,US,0,0,1,0,1,0,1,0,0,1,0,1
7,Data Engineer,110000,US,US,0,0,1,0,1,0,1,0,0,1,0,1
8,Data Scientist,136000,US,US,0,0,1,0,1,0,1,0,0,1,0,1
9,Data Scientist,104000,US,US,0,0,1,0,1,0,1,0,0,1,0,1
12,Head of Data,205000,US,US,1,0,0,0,1,0,1,0,0,1,0,0
13,Head of Data,160000,US,US,1,0,0,0,1,0,1,0,0,1,0,0
14,Data Analyst,169000,US,US,0,0,1,0,1,0,1,0,0,1,0,0
15,Data Analyst,110600,US,US,0,0,1,0,1,0,1,0,0,1,0,0
18,Data Engineer,160000,US,US,0,0,1,0,1,0,1,0,0,1,0,0
19,Data Engineer,130000,US,US,0,0,1,0,1,0,1,0,0,1,0,0
20,Data Scientist,245000,US,US,0,0,1,0,1,0,1,0,0,1,0,0
21,Data Scientist,180000,US,US,0,0,1,0,1,0,1,0,0,1,0,0
22,Data Engineer,135000,US,US,0,0,1,0,1,0,1,0,0,1,0,0
23,Data Engineer,100000,US,US,0,0,1,0,1,0,1,0,0,1,0,0
24,Data Engineer,220000,US,US,0,0,1,0,1,0,1,0,0,1,0,0
25,Data Engineer,150000,US,US,0,0,1,0,1,0,1,0,0,1,0,0
26,Data Scientist,198440,US,US,0,0,1,0,1,0,0,0,0,1,0,0
27,Data Scientist,144000,US,US,0,0,1,0,1,0,0,0,0,1,0,0
28,Data Engineer,240000,US,US,0,0,1,0,1,0,1,0,0,1,0,0
29,Data Engineer,170000,US,US,0,0,1,0,1,0,1,0,0,1,0,0
30,Data Scientist,198440,US,US,0,0,1,0,1,0,1,0,0,1,0,0
31,Data Scientist,144000,US,US,0,0,1,0,1,0,1,0,0,1,0,0
32,Data Analyst,150000,US,US,0,1,0,0,1,0,1,0,0,1,0,1
33,Data Analyst,100000,US,US,0,1,0,0,1,0,1,0,0,1,0,1
34,Data Analyst,120000,US,US,0,0,1,0,1,0,1,0,0,1,0,0
35,Data Analyst,95000,US,US,0,0,1,0,1,0,1,0,0,1,0,0
37,Data Analyst,64000,US,US,0,0,0,0,1,0,0,0,0,1,0,1
41,Data Analyst,150000,US,US,0,0,1,0,1,0,1,0,0,1,0,0
42,Data Analyst,127000,US,US,0,0,1,0,1,0,1,0,0,1,0,0
43,Data Engineer,275000,US,US,0,0,1,0,1,0,1,0,0,1,0,1
44,Data Engineer,166000,US,US,0,0,1,0,1,0,1,0,0,1,0,1
45,Data Scientist,159699,US,US,0,0,1,0,1,0,1,0,0,1,0,0
46,Data Scientist,138938,US,US,0,0,1,0,1,0,1,0,0,1,0,0
47,BI Analyst,76000,US,US,0,0,0,0,1,0,0,0,0,1,1,0
48,Data Analyst,166700,US,US,0,0,1,0,1,0,1,0,0,1,0,0
49,Data Analyst,119000,US,US,0,0,1,0,1,0,1,0,0,1,0,0
50,Data Analyst,130000,US,US,0,0,1,0,1,0,1,0,0,1,0,0
51,Data Analyst,100000,US,US,0,0,1,0,1,0,1,0,0,1,0,0
54,Data Analyst,80000,US,US,0,0,1,0,1,0,1,0,0,1,0,0
55,Data Analyst,52500,US,US,0,0,1,0,1,0,1,0,0,1,0,0
56,Data Engineer,236000,US,US,0,0,1,0,1,0,1,0,0,1,0,1
57,Data Engineer,182000,US,US,0,0,1,0,1,0,1,0,0,1,0,1
58,Data Scientist,180000,US,US,0,0,1,0,1,0,1,0,0,1,0,1
59,Data Scientist,140000,US,US,0,0,1,0,1,0,1,0,0,1,0,1
60,Data Scientist,225000,US,US,0,0,1,0,1,0,1,0,0,1,0,0
61,Data Scientist,156400,US,US,0,0,1,0,1,0,1,0,0,1,0,0
62,Data Analyst,135000,US,US,0,0,1,0,1,0,1,0,0,1,0,1
63,Data Analyst,100000,US,US,0,0,1,0,1,0,1,0,0,1,0,1
64,Machine Learning Engineer,204500,US,US,0,0,1,0,1,0,1,0,0,1,0,0
65,Machine Learning Engineer,142200,US,US,0,0,1,0,1,0,1,0,0,1,0,0
66,Research Engineer,240000,US,US,0,1,0,0,1,0,1,0,0,1,0,1
68,Data Engineer,300000,US,US,0,0,1,0,1,0,1,0,0,1,0,0
69,Data Engineer,130000,US,US,0,0,1,0,1,0,1,0,0,1,0,0
70,Data Engineer,195000,US,US,0,0,1,0,1,0,1,0,0,1,0,1
71,Data Engineer,175000,US,US,0,0,1,0,1,0,1,0,0,1,0,1
72,Data Engineer,155000,US,US,0,0,1,0,1,0,1,0,0,1,0,0
73,Data Engineer,110000,US,US,0,0,1,0,1,0,1,0,0,1,0,0
74,Data Operations Analyst,123000,US,US,0,0,1,0,1,0,1,0,0,1,0,0
75,Data Operations Analyst,92250,US,US,0,0,1,0,1,0,1,0,0,1,0,0
76,Data Engineer,170000,US,US,0,0,1,0,1,0,1,0,0,1,0,0
77,Data Engineer,150000,US,US,0,0,1,0,1,0,1,0,0,1,0,0
78,ML Engineer,180000,US,US,0,1,0,0,1,0,1,0,0,1,0,1
79,ML Engineer,100000,US,US,0,1,0,0,1,0,1,0,0,1,0,1
80,Data Engineer,97000,US,US,0,0,1,0,1,0,1,0,0,1,0,1
81,Data Engineer,90000,US,US,0,0,1,0,1,0,1,0,0,1,0,1
82,Data Engineer,200000,US,US,0,0,1,0,1,0,1,0,0,1,0,0
83,Data Engineer,160000,US,US,0,0,1,0,1,0,1,0,0,1,0,0
84,Machine Learning Engineer,210000,US,US,0,0,1,0,1,0,1,0,0,1,0,1
85,Machine Learning Engineer,180000,US,US,0,0,1,0,1,0,1,0,0,1,0,1
86,Data Engineer,260000,US,US,0,0,1,0,1,0,1,0,0,1,0,0
87,Data Engineer,180000,US,US,0,0,1,0,1,0,1,0,0,1,0,0
88,Analytics Engineer,210000,US,US,1,0,0,0,1,0,1,0,0,1,0,1
89,Analytics Engineer,157000,US,US,1,0,0,0,1,0,1,0,0,1,0,1
90,Data Scientist,180000,US,US,0,0,0,0,1,0,1,0,0,1,0,1
91,Data Scientist,100000,US,US,0,0,0,0,1,0,1,0,0,1,0,1
92,Data Analyst,80000,US,US,0,1,0,0,1,0,1,0,0,1,0,0
93,Data Analyst,52500,US,US,0,1,0,0,1,0,1,0,0,1,0,0
94,Data Architect,128000,US,US,0,0,1,0,1,0,1,0,0,1,0,0
95,Data Architect,81500,US,US,0,0,1,0,1,0,1,0,0,1,0,0
96,Data Operations Engineer,105000,US,US,0,0,1,0,1,0,1,0,0,1,0,0
97,Data Operations Engineer,70000,US,US,0,0,1,0,1,0,1,0,0,1,0,0
98,Data Scientist,175000,US,US,0,0,1,0,1,0,1,0,0,1,0,0
99,Data Scientist,122500,US,US,0,0,1,0,1,0,1,0,0,1,0,0
100,Data Engineer,171000,US,US,0,0,1,0,1,0,1,0,0,1,0,0
101,Data Engineer,117000,US,US,0,0,1,0,1,0,1,0,0,1,0,0
102,Data Scientist,202800,US,US,0,0,1,0,1,0,0,0,0,1,0,0
103,Data Scientist,104300,US,US,0,0,1,0,1,0,0,0,0,1,0,0
106,Data Engineer,197000,US,US,0,0,1,0,1,0,1,0,0,1,0,0
107,Data Engineer,99000,US,US,0,0,1,0,1,0,1,0,0,1,0,0
108,Data Engineer,160000,US,US,0,0,1,0,1,0,1,0,0,1,0,0
109,Data Engineer,110000,US,US,0,0,1,0,1,0,1,0,0,1,0,0
110,Data Scientist,185900,US,US,0,0,1,0,1,0,1,0,0,1,0,0
111,Data Scientist,129300,US,US,0,0,1,0,1,0,1,0,0,1,0,0
112,3D Computer Vision Researcher,5000,US,US,0,0,1,0,1,0,0,0,1,0,0,1
116,Data Engineer,170000,US,US,0,0,1,0,1,0,1,0,0,1,0,0
117,Data Engineer,130000,US,US,0,0,1,0,1,0,1,0,0,1,0,0
118,Data Analyst,150000,US,US,0,0,1,0,1,0,1,0,0,1,0,0
119,Data Analyst,95000,US,US,0,0,1,0,1,0,1,0,0,1,0,0
123,Data Architect,230400,US,US,0,0,1,0,1,0,1,0,0,1,0,0
124,Data Engineer,145000,US,US,0,0,1,0,1,0,1,0,0,1,0,0
125,Data Engineer,115000,US,US,0,0,1,0,1,0,1,0,0,1,0,0
128,Data Analyst,175950,US,US,0,0,1,0,1,0,1,0,0,1,0,1
129,Data Analyst,130050,US,US,0,0,1,0,1,0,1,0,0,1,0,1
130,Data Engineer,205600,US,US,0,0,1,0,1,0,0,0,0,1,0,0
131,Data Engineer,105700,US,US,0,0,1,0,1,0,0,0,0,1,0,0
132,Data Analyst,236600,US,US,0,0,1,0,1,0,1,0,0,1,0,1
133,Data Analyst,89200,US,US,0,0,1,0,1,0,1,0,0,1,0,1
136,Data Scientist,80000,US,US,0,0,0,0,1,0,0,0,0,1,0,1
139,Data Science Lead,165000,US,US,0,0,1,0,1,0,0,1,0,1,1,0
141,Data Engineer,185900,US,US,0,0,1,0,1,0,1,0,0,1,0,0
142,Data Engineer,129300,US,US,0,0,1,0,1,0,1,0,0,1,0,0
143,Data Analyst,169000,US,US,0,0,1,0,1,0,1,0,0,1,0,0
144,Data Analyst,110600,US,US,0,0,1,0,1,0,1,0,0,1,0,0
147,Data Engineer,225000,US,US,0,0,1,0,1,0,1,0,0,1,0,0
148,Data Engineer,184100,US,US,0,0,1,0,1,0,1,0,0,1,0,0
149,Data Scientist,185900,US,US,0,0,1,0,1,0,1,0,0,1,0,0
150,Data Scientist,129300,US,US,0,0,1,0,1,0,1,0,0,1,0,0
151,Data Scientist,225000,US,US,0,0,1,0,1,0,1,0,0,1,0,0
152,Data Scientist,156400,US,US,0,0,1,0,1,0,1,0,0,1,0,0
153,Data Scientist,185900,US,US,0,0,1,0,1,0,1,0,0,1,0,0
154,Data Scientist,129300,US,US,0,0,1,0,1,0,1,0,0,1,0,0
155,Machine Learning Engineer,108000,US,US,0,0,0,0,1,0,0,1,0,1,0,0
157,Data Scientist,155000,US,US,0,0,1,0,1,0,1,0,0,1,0,1
158,Data Scientist,38000,US,US,0,0,1,0,1,0,1,0,0,1,0,1
159,Data Analyst,85000,US,US,0,1,0,0,1,0,1,0,0,1,0,0
160,Data Analyst,65000,US,US,0,1,0,0,1,0,1,0,0,1,0,0
161,Data Scientist,155000,US,US,0,0,1,0,1,0,1,0,0,1,0,1
162,Data Scientist,38000,US,US,0,0,1,0,1,0,1,0,0,1,0,1
165,Data Scientist,153600,US,US,0,0,1,0,1,0,1,0,0,1,0,1
166,Data Scientist,106800,US,US,0,0,1,0,1,0,1,0,0,1,0,1
167,Data Scientist,185000,US,US,0,0,1,0,1,0,1,0,0,1,0,1
168,Data Scientist,50000,US,US,0,0,1,0,1,0,1,0,0,1,0,1
169,Data Engineer,185900,US,US,0,0,1,0,1,0,1,0,0,1,0,0
170,Data Engineer,129300,US,US,0,0,1,0,1,0,1,0,0,1,0,0
171,Data Scientist,155000,US,US,0,0,1,0,1,0,1,0,0,1,0,1
172,Data Scientist,38000,US,US,0,0,1,0,1,0,1,0,0,1,0,1
173,Data Scientist,168000,US,US,0,0,1,0,1,0,1,0,0,1,0,1
174,Data Scientist,130000,US,US,0,0,1,0,1,0,1,0,0,1,0,1
175,Data Scientist,123400,US,US,0,0,1,0,1,0,1,0,0,1,0,0
176,Data Scientist,88100,US,US,0,0,1,0,1,0,1,0,0,1,0,0
177,Data Scientist,120000,US,US,0,0,1,0,1,0,0,1,0,1,0,1
178,Data Scientist,55000,US,US,0,0,1,0,1,0,0,1,0,1,0,1
179,Data Scientist,185900,US,US,0,0,1,0,1,0,1,0,0,1,0,0
180,Data Scientist,129300,US,US,0,0,1,0,1,0,1,0,0,1,0,0
181,Data Engineer,191200,US,US,0,0,1,0,1,0,1,0,0,1,0,0
182,Data Engineer,130000,US,US,0,0,1,0,1,0,1,0,0,1,0,0
183,Data Analyst,169000,US,US,0,0,1,0,1,0,1,0,0,1,0,0
184,Data Analyst,110600,US,US,0,0,1,0,1,0,1,0,0,1,0,0
185,Analytics Engineer,150000,US,US,0,0,1,0,1,0,1,0,0,1,0,0
186,Analytics Engineer,120000,US,US,0,0,1,0,1,0,1,0,0,1,0,0
187,Data Science Consultant,139000,US,US,0,0,1,0,1,0,1,0,0,1,0,0
188,Data Science Consultant,122000,US,US,0,0,1,0,1,0,1,0,0,1,0,0
189,Data Scientist,185900,US,US,0,0,1,0,1,0,1,0,0,1,0,0
190,Data Scientist,129300,US,US,0,0,1,0,1,0,1,0,0,1,0,0
191,Data Analyst,139600,US,US,0,0,1,0,1,0,1,0,0,1,0,0
192,Data Analyst,85700,US,US,0,0,1,0,1,0,1,0,0,1,0,0
193,Data Engineer,185000,US,US,0,0,1,0,1,0,1,0,0,1,0,1
194,Data Engineer,50000,US,US,0,0,1,0,1,0,1,0,0,1,0,1
195,Data Engineer,185900,US,US,0,0,1,0,1,0,1,0,0,1,0,0
196,Data Engineer,129300,US,US,0,0,1,0,1,0,1,0,0,1,0,0
197,Data Scientist,225000,US,US,0,0,1,0,1,0,1,0,0,1,0,0
198,Data Scientist,156400,US,US,0,0,1,0,1,0,1,0,0,1,0,0
199,Data Scientist,200000,US,US,0,0,1,0,1,0,1,0,0,1,0,1
200,Data Scientist,175000,US,US,0,0,1,0,1,0,1,0,0,1,0,1
201,Data Engineer,185900,US,US,0,0,1,0,1,0,1,0,0,1,0,0
202,Data Engineer,129300,US,US,0,0,1,0,1,0,1,0,0,1,0,0
203,ML Engineer,148500,US,US,0,1,0,0,1,0,0,0,0,1,0,1
204,ML Engineer,98200,US,US,0,1,0,0,1,0,0,0,0,1,0,1
205,Data Analyst,115000,US,US,0,0,1,0,1,0,1,0,0,1,0,1
206,Data Analyst,95000,US,US,0,0,1,0,1,0,1,0,0,1,0,1
207,Data Architect,225000,US,US,0,0,1,0,1,0,1,0,0,1,0,1
208,Data Architect,66000,US,US,0,0,1,0,1,0,1,0,0,1,0,1
209,Data Scientist,185000,US,US,0,0,1,0,1,0,1,0,0,1,0,1
210,Data Scientist,50000,US,US,0,0,1,0,1,0,1,0,0,1,0,1
213,Data Manager,134000,US,US,0,1,0,0,1,0,1,0,0,1,0,0
214,Data Manager,98000,US,US,0,1,0,0,1,0,1,0,0,1,0,0
215,Data Analyst,105000,US,US,0,1,0,0,1,0,1,0,0,1,0,0
216,Data Analyst,62000,US,US,0,1,0,0,1,0,1,0,0,1,0,0
217,BI Data Analyst,57000,US,US,0,0,0,0,1,0,0,0,0,1,0,1
219,Data Scientist,144200,US,US,0,1,0,0,1,0,1,0,0,1,0,1
220,Data Scientist,115360,US,US,0,1,0,0,1,0,1,0,0,1,0,1
225,Data Engineer,170000,US,US,0,0,1,0,1,0,1,0,0,1,0,1
226,Data Engineer,150000,US,US,0,0,1,0,1,0,1,0,0,1,0,1
227,Data Architect,180000,US,US,0,0,1,0,1,0,1,0,0,1,0,1
228,Data Architect,160000,US,US,0,0,1,0,1,0,1,0,0,1,0,1
229,Data Scientist,108000,US,US,0,1,0,0,1,0,0,0,0,1,1,0
230,Machine Learning Manager,200000,US,US,0,0,1,0,1,0,1,0,0,1,0,1
231,Machine Learning Manager,150000,US,US,0,0,1,0,1,0,1,0,0,1,0,1
233,Data Engineer,188700,US,US,0,0,1,0,1,0,1,0,0,1,0,1
234,Data Engineer,160395,US,US,0,0,1,0,1,0,1,0,0,1,0,1
235,Data Analyst,115934,US,US,0,0,1,0,1,0,1,0,0,1,0,1
236,Data Analyst,81666,US,US,0,0,1,0,1,0,1,0,0,1,0,1
237,Data Engineer,300000,US,US,0,0,1,0,1,0,1,0,0,1,0,0
238,Data Engineer,225000,US,US,0,0,1,0,1,0,1,0,0,1,0,0
239,Data Scientist,198440,US,US,0,0,1,0,1,0,1,0,0,1,0,1
240,Data Scientist,144000,US,US,0,0,1,0,1,0,1,0,0,1,0,1
241,Applied Scientist,191475,US,US,0,0,1,0,1,0,1,0,0,1,0,1
242,Applied Scientist,141525,US,US,0,0,1,0,1,0,1,0,0,1,0,1
246,Lead Data Scientist,156868,US,US,0,0,1,0,1,0,0,0,0,1,0,1
248,Data Scientist,198440,US,US,0,0,1,0,1,0,0,0,0,1,0,0
249,Data Scientist,144000,US,US,0,0,1,0,1,0,0,0,0,1,0,0
252,Data Analyst,90000,US,US,0,0,1,0,0,0,1,0,0,1,0,1
255,Data Engineer,200000,US,US,0,0,1,0,1,0,1,0,0,1,0,1
256,Data Engineer,180000,US,US,0,0,1,0,1,0,1,0,0,1,0,1
257,Analytics Engineer,108000,US,US,0,1,0,0,1,0,1,0,0,1,0,1
258,Analytics Engineer,85000,US,US,0,1,0,0,1,0,1,0,0,1,0,1
259,Machine Learning Engineer,210000,US,US,0,0,1,0,1,0,1,0,0,1,0,1
260,Machine Learning Engineer,180000,US,US,0,0,1,0,1,0,1,0,0,1,0,1
261,Data Engineer,165000,US,US,0,0,1,0,1,0,1,0,0,1,0,1
262,Data Engineer,132000,US,US,0,0,1,0,1,0,1,0,0,1,0,1
263,Analytics Engineer,130000,US,US,0,0,1,0,1,0,1,0,0,1,0,1
264,Analytics Engineer,110000,US,US,0,0,1,0,1,0,1,0,0,1,0,1
267,Data Analytics Engineer,135000,US,US,0,1,0,0,1,0,0,0,0,1,0,1
268,Data Engineer,178800,US,US,0,0,1,0,1,0,0,0,0,1,0,1
269,Data Engineer,132100,US,US,0,0,1,0,1,0,0,0,0,1,0,1
273,Data Engineer,160000,US,US,0,0,1,0,1,0,1,0,0,1,0,1
274,Data Engineer,85000,US,US,0,0,1,0,1,0,1,0,0,1,0,1
275,ETL Developer,250000,US,US,0,0,1,0,1,0,1,0,0,1,0,1
276,ETL Developer,63000,US,US,0,0,1,0,1,0,1,0,0,1,0,1
277,Data Engineer,187200,US,US,1,0,0,0,1,0,1,0,0,1,0,1
278,Data Engineer,116100,US,US,1,0,0,0,1,0,1,0,0,1,0,1
280,Data Engineer,200000,US,US,0,0,1,0,1,0,1,0,0,1,0,1
281,Data Engineer,145000,US,US,0,0,1,0,1,0,1,0,0,1,0,1
282,Data Engineer,229998,US,US,0,0,1,0,1,0,0,0,0,1,0,0
283,Data Engineer,154545,US,US,0,0,1,0,1,0,0,0,0,1,0,0
284,Data Scientist,215000,US,US,0,0,1,0,1,0,0,0,0,1,0,0
285,Data Scientist,159000,US,US,0,0,1,0,1,0,0,0,0,1,0,0
286,Data Engineer,229998,US,US,0,0,1,0,1,0,0,0,0,1,0,0
287,Data Engineer,154545,US,US,0,0,1,0,1,0,0,0,0,1,0,0
288,AI Scientist,50000,US,US,0,0,0,0,1,0,1,0,0,1,0,1
289,Data Scientist Lead,183000,US,US,0,0,1,0,1,0,0,0,0,1,0,1
290,Data Analyst,99750,US,US,0,0,1,0,1,0,1,0,0,1,0,1
291,Data Analyst,68400,US,US,0,0,1,0,1,0,1,0,0,1,0,1
292,Data Scientist,236900,US,US,0,0,1,0,1,0,0,0,0,1,0,1
293,Data Scientist,159200,US,US,0,0,1,0,1,0,0,0,0,1,0,1
294,Data Science Manager,243225,US,US,0,0,1,0,1,0,1,0,0,1,0,1
295,Data Science Manager,179775,US,US,0,0,1,0,1,0,1,0,0,1,0,1
296,Data Engineer,175000,US,US,0,0,1,0,1,0,1,0,0,1,0,1
297,Data Engineer,150000,US,US,0,0,1,0,1,0,1,0,0,1,0,1
298,Machine Learning Engineer,210000,US,US,0,0,1,0,1,0,1,0,0,1,0,1
299,Machine Learning Engineer,180000,US,US,0,0,1,0,1,0,1,0,0,1,0,1
300,Data Scientist,148000,US,US,0,0,1,0,1,0,1,0,0,1,0,1
301,Data Scientist,128000,US,US,0,0,1,0,1,0,1,0,0,1,0,1
302,Data Architect,190000,US,US,0,0,1,0,1,0,1,0,0,1,0,1
303,Data Architect,135000,US,US,0,0,1,0,1,0,1,0,0,1,0,1
304,Analytics Engineer,130000,US,US,0,0,1,0,1,0,1,0,0,1,0,1
305,Analytics Engineer,110000,US,US,0,0,1,0,1,0,1,0,0,1,0,1
306,Data Scientist,191475,US,US,0,0,1,0,1,0,1,0,0,1,0,1
307,Data Scientist,141525,US,US,0,0,1,0,1,0,1,0,0,1,0,1
308,Data Engineer,160000,US,US,0,0,1,0,1,0,1,0,0,1,0,1
309,Data Engineer,85000,US,US,0,0,1,0,1,0,1,0,0,1,0,1
310,Data Scientist,218000,US,US,0,0,1,0,1,0,1,0,0,1,0,0
311,Data Scientist,145300,US,US,0,0,1,0,1,0,1,0,0,1,0,0
312,ML Engineer,195400,US,US,0,0,1,0,1,0,0,0,0,1,0,1
313,ML Engineer,131300,US,US,0,0,1,0,1,0,0,0,0,1,0,1
315,Data Scientist,191475,US,US,0,0,1,0,1,0,1,0,0,1,0,1
316,Data Scientist,141525,US,US,0,0,1,0,1,0,1,0,0,1,0,1
317,Data Scientist,207000,US,US,0,0,1,0,1,0,1,0,0,1,0,1
318,Data Scientist,153000,US,US,0,0,1,0,1,0,1,0,0,1,0,1
319,Data Scientist,191475,US,US,0,0,1,0,1,0,1,0,0,1,0,1
320,Data Scientist,141525,US,US,0,0,1,0,1,0,1,0,0,1,0,1
321,Data Analyst,110000,US,US,0,0,1,0,1,0,1,0,0,1,0,0
322,Data Analyst,99000,US,US,0,0,1,0,1,0,1,0,0,1,0,0
323,Data Scientist,191475,US,US,0,0,1,0,1,0,1,0,0,1,0,1
324,Data Scientist,141525,US,US,0,0,1,0,1,0,1,0,0,1,0,1
325,Data Scientist,191475,US,US,0,0,1,0,1,0,1,0,0,1,0,1
326,Data Scientist,141525,US,US,0,0,1,0,1,0,1,0,0,1,0,1
327,Data Scientist,191475,US,US,0,0,1,0,1,0,1,0,0,1,0,1
328,Data Scientist,141525,US,US,0,0,1,0,1,0,1,0,0,1,0,1
331,Data Scientist,207000,US,US,0,0,1,0,1,0,1,0,0,1,0,1
332,Data Scientist,153000,US,US,0,0,1,0,1,0,1,0,0,1,0,1
333,Data Scientist,191475,US,US,0,0,1,0,1,0,1,0,0,1,0,1
334,Data Scientist,141525,US,US,0,0,1,0,1,0,1,0,0,1,0,1
335,Data Scientist,191475,US,US,0,0,1,0,1,0,1,0,0,1,0,1
336,Data Scientist,141525,US,US,0,0,1,0,1,0,1,0,0,1,0,1
337,Data Scientist,191475,US,US,0,0,1,0,1,0,1,0,0,1,0,1
338,Data Scientist,141525,US,US,0,0,1,0,1,0,1,0,0,1,0,1
339,Data Engineer,195700,US,US,0,0,1,0,1,0,1,0,0,1,0,0
340,Data Engineer,130500,US,US,0,0,1,0,1,0,1,0,0,1,0,0
341,ML Engineer,130000,US,US,0,0,1,0,1,0,1,0,0,1,0,1
342,ML Engineer,84000,US,US,0,0,1,0,1,0,1,0,0,1,0,1
343,Data Operations Engineer,100000,US,US,0,1,0,0,1,0,1,0,0,1,0,1
344,Data Operations Engineer,60000,US,US,0,1,0,0,1,0,1,0,0,1,0,1
347,Data Engineer,141300,US,US,0,0,1,0,1,0,1,0,0,1,0,0
348,Data Engineer,102100,US,US,0,0,1,0,1,0,1,0,0,1,0,0
351,Business Data Analyst,150000,US,US,0,1,0,0,1,0,0,0,0,1,0,1
354,Data Analyst,144000,US,US,0,0,1,0,1,0,1,0,0,1,0,1
355,Data Analyst,113000,US,US,0,0,1,0,1,0,1,0,0,1,0,1
357,Data Architect,195400,US,US,0,0,1,0,1,0,0,0,0,1,0,1
358,Data Architect,131300,US,US,0,0,1,0,1,0,0,0,0,1,0,1
359,Machine Learning Engineer,195400,US,US,0,0,1,0,1,0,0,0,0,1,0,1
360,Machine Learning Engineer,131300,US,US,0,0,1,0,1,0,0,0,0,1,0,1
361,Data Architect,195400,US,US,0,0,1,0,1,0,0,0,0,1,0,1
362,Data Architect,131300,US,US,0,0,1,0,1,0,0,0,0,1,0,1
363,Data Architect,190000,US,US,0,0,1,0,1,0,1,0,0,1,0,1
364,Data Architect,135000,US,US,0,0,1,0,1,0,1,0,0,1,0,1
365,Data Engineer,135000,US,US,0,0,1,0,1,0,1,0,0,1,0,1
366,Data Engineer,80000,US,US,0,0,1,0,1,0,1,0,0,1,0,1
368,Data Engineer,160000,US,US,0,0,1,0,1,0,1,0,0,1,0,1
369,Data Engineer,85000,US,US,0,0,1,0,1,0,1,0,0,1,0,1
370,Data Engineer,178800,US,US,0,0,1,0,1,0,0,0,0,1,0,1
371,Data Engineer,132100,US,US,0,0,1,0,1,0,0,0,0,1,0,1
375,Data Engineer,140000,US,US,0,0,1,0,1,0,1,0,0,1,0,1
376,Data Engineer,105000,US,US,0,0,1,0,1,0,1,0,0,1,0,1
379,Analytics Engineer,190000,US,US,0,0,1,0,1,0,1,0,0,1,0,1
380,Analytics Engineer,140000,US,US,0,0,1,0,1,0,1,0,0,1,0,1
381,Data Operations Engineer,100000,US,US,0,1,0,0,1,0,1,0,0,1,0,1
382,Data Operations Engineer,60000,US,US,0,1,0,0,1,0,1,0,0,1,0,1
383,Data Scientist,180000,US,US,0,0,1,0,1,0,0,0,0,1,0,1
384,Data Scientist,165000,US,US,0,0,1,0,1,0,0,0,0,1,0,1
385,Applied Machine Learning Scientist,108000,US,US,0,0,1,0,1,0,0,0,0,1,0,0
387,Data Architect,190000,US,US,0,0,1,0,1,0,1,0,0,1,0,1
388,Data Architect,135000,US,US,0,0,1,0,1,0,1,0,0,1,0,1
389,Data Scientist,179400,US,US,0,0,1,0,1,0,1,0,0,1,0,0
390,Data Scientist,154000,US,US,0,0,1,0,1,0,1,0,0,1,0,0
391,Machine Learning Scientist,193900,US,US,0,0,1,0,1,0,1,0,0,1,0,0
392,Machine Learning Scientist,129300,US,US,0,0,1,0,1,0,1,0,0,1,0,0
393,Data Science Manager,222640,US,US,1,0,0,0,1,0,1,0,0,1,0,0
394,Data Science Manager,182160,US,US,1,0,0,0,1,0,1,0,0,1,0,0
395,Data Engineer,150000,US,US,0,1,0,0,1,0,1,0,0,1,0,0
396,Data Engineer,100000,US,US,0,1,0,0,1,0,1,0,0,1,0,0
397,Analytics Engineer,122500,US,US,0,0,1,0,1,0,1,0,0,1,0,1
398,Analytics Engineer,100000,US,US,0,0,1,0,1,0,1,0,0,1,0,1
399,Data Engineer,297500,US,US,1,0,0,0,1,0,1,0,0,1,0,1
400,Data Engineer,260000,US,US,1,0,0,0,1,0,1,0,0,1,0,1
403,Data Scientist,93000,US,US,0,0,0,0,1,0,1,0,0,1,0,0
404,Data Scientist,73000,US,US,0,0,0,0,1,0,1,0,0,1,0,0
405,Data Operations Engineer,100000,US,US,0,1,0,0,1,0,1,0,0,1,0,1
406,Data Operations Engineer,60000,US,US,0,1,0,0,1,0,1,0,0,1,0,1
408,Data Scientist,136994,US,US,0,0,1,0,1,0,1,0,0,1,0,1
409,Data Scientist,101570,US,US,0,0,1,0,1,0,1,0,0,1,0,1
410,ETL Developer,250000,US,US,0,0,1,0,1,0,1,0,0,1,0,1
411,ETL Developer,63000,US,US,0,0,1,0,1,0,1,0,0,1,0,1
412,Data Manager,134000,US,US,0,1,0,0,1,0,1,0,0,1,0,0
413,Data Manager,98000,US,US,0,1,0,0,1,0,1,0,0,1,0,0
414,Data Scientist,191475,US,US,0,0,1,0,1,0,1,0,0,1,0,1
415,Data Scientist,141525,US,US,0,0,1,0,1,0,1,0,0,1,0,1
417,Data Analyst,136000,US,US,0,1,0,0,1,0,1,0,0,1,0,1
418,Data Analyst,112000,US,US,0,1,0,0,1,0,1,0,0,1,0,1
419,Data Scientist,172000,US,US,0,0,1,0,1,0,1,0,0,1,0,1
420,Data Scientist,140000,US,US,0,0,1,0,1,0,1,0,0,1,0,1
421,Data Engineer,215000,US,US,0,0,1,0,1,0,1,0,0,1,0,0
422,Data Engineer,164000,US,US,0,0,1,0,1,0,1,0,0,1,0,0
423,Data Engineer,300000,US,US,0,0,1,0,1,0,1,0,0,1,0,0
424,Data Engineer,130000,US,US,0,0,1,0,1,0,1,0,0,1,0,0
425,Data Engineer,250000,US,US,0,0,1,0,1,0,1,0,0,1,0,1
426,Data Engineer,63000,US,US,0,0,1,0,1,0,1,0,0,1,0,1
427,Data Engineer,180000,US,US,0,0,1,0,1,0,1,0,0,1,0,1
428,Data Engineer,150000,US,US,0,0,1,0,1,0,1,0,0,1,0,1
430,Data Engineer,250000,US,US,0,0,1,0,1,0,1,0,0,1,0,1
431,Data Engineer,63000,US,US,0,0,1,0,1,0,1,0,0,1,0,1
432,Data Scientist,191475,US,US,0,0,1,0,1,0,1,0,0,1,0,1
433,Data Scientist,141525,US,US,0,0,1,0,1,0,1,0,0,1,0,1
434,Data Analyst,97500,US,US,0,1,0,0,1,0,0,0,0,1,0,1
435,Applied Scientist,212800,US,US,0,0,1,0,1,0,1,0,0,1,0,1
436,Applied Scientist,142800,US,US,0,0,1,0,1,0,1,0,0,1,0,1
440,Data Scientist,151800,US,US,0,0,1,0,1,0,1,0,0,1,0,0
441,Data Scientist,130240,US,US,0,0,1,0,1,0,1,0,0,1,0,0
442,Analytics Engineer,165000,US,US,0,0,1,0,1,0,1,0,0,1,0,1
443,Analytics Engineer,140250,US,US,0,0,1,0,1,0,1,0,0,1,0,1
444,Data Engineer,135000,US,US,0,0,1,0,1,0,1,0,0,1,0,0
445,Data Engineer,115000,US,US,0,0,1,0,1,0,1,0,0,1,0,0
446,Data Scientist,179400,US,US,0,0,1,0,1,0,1,0,0,1,0,1
447,Data Scientist,154000,US,US,0,0,1,0,1,0,1,0,0,1,0,1
448,Data Scientist,191475,US,US,0,0,1,0,1,0,1,0,0,1,0,1
449,Data Scientist,141525,US,US,0,0,1,0,1,0,1,0,0,1,0,1
450,Data Scientist,191475,US,US,0,0,1,0,1,0,1,0,0,1,0,1
451,Data Scientist,141525,US,US,0,0,1,0,1,0,1,0,0,1,0,1
452,Data Scientist,191475,US,US,0,0,1,0,1,0,1,0,0,1,0,1
453,Data Scientist,141525,US,US,0,0,1,0,1,0,1,0,0,1,0,1
454,Financial Data Analyst,75000,US,US,0,1,0,0,1,0,1,0,0,1,0,0
461,Data Scientist,191475,US,US,0,0,1,0,1,0,1,0,0,1,0,1
462,Data Scientist,141525,US,US,0,0,1,0,1,0,1,0,0,1,0,1
463,Data Scientist,191475,US,US,0,0,1,0,1,0,1,0,0,1,0,1
464,Data Scientist,141525,US,US,0,0,1,0,1,0,1,0,0,1,0,1
467,Data Scientist,191475,US,US,0,0,1,0,1,0,1,0,0,1,0,1
468,Data Scientist,141525,US,US,0,0,1,0,1,0,1,0,0,1,0,1
471,Data Scientist,191475,US,US,0,0,1,0,1,0,1,0,0,1,0,1
472,Data Scientist,141525,US,US,0,0,1,0,1,0,1,0,0,1,0,1
473,Data Scientist,191475,US,US,0,0,1,0,1,0,1,0,0,1,0,0
474,Data Scientist,141525,US,US,0,0,1,0,1,0,1,0,0,1,0,0
475,Data Analyst,115000,US,US,0,0,1,0,1,0,0,0,0,1,0,0
477,Data Operations Analyst,81000,US,US,0,0,1,0,1,0,1,0,0,1,0,1
478,Data Operations Analyst,66000,US,US,0,0,1,0,1,0,1,0,0,1,0,1
479,Data Analyst,46000,US,US,0,0,0,0,1,0,0,0,0,1,0,1
480,Data Engineer,80000,US,US,0,0,0,0,1,0,0,0,0,1,0,1
481,Machine Learning Scientist,200000,US,US,1,0,0,0,1,0,0,1,0,1,0,1
482,Machine Learning Scientist,180000,US,US,1,0,0,0,1,0,0,1,0,1,0,1
483,AI Scientist,200000,US,US,1,0,0,0,1,0,0,1,0,1,0,1
484,Data Scientist,204100,US,US,0,0,1,0,1,0,1,0,0,1,0,0
485,Data Scientist,136100,US,US,0,0,1,0,1,0,1,0,0,1,0,0
486,Analytics Engineer,250000,US,US,0,0,1,0,1,0,1,0,0,1,0,0
487,Analytics Engineer,63000,US,US,0,0,1,0,1,0,1,0,0,1,0,0
491,Data Scientist,191475,US,US,0,0,1,0,1,0,1,0,0,1,0,1
492,Data Scientist,141525,US,US,0,0,1,0,1,0,1,0,0,1,0,1
493,Data Scientist,191475,US,US,0,0,1,0,1,0,1,0,0,1,0,1
494,Data Scientist,141525,US,US,0,0,1,0,1,0,1,0,0,1,0,1
495,Data Scientist,191475,US,US,0,0,1,0,1,0,1,0,0,1,0,1
496,Data Scientist,141525,US,US,0,0,1,0,1,0,1,0,0,1,0,1
497,Data Specialist,95000,US,US,0,0,1,0,1,0,1,0,0,1,0,1
498,Data Specialist,70000,US,US,0,0,1,0,1,0,1,0,0,1,0,1
501,Data Analyst,113000,US,US,0,1,0,0,1,0,0,0,0,1,0,0
502,Data Scientist,170000,US,US,0,0,1,0,1,0,1,0,0,1,0,1
503,Data Scientist,130000,US,US,0,0,1,0,1,0,1,0,0,1,0,1
504,Data Analytics Consultant,113000,US,US,0,1,0,0,1,0,0,0,0,1,0,1
505,Product Data Analyst,140000,US,US,0,1,0,0,1,0,1,0,0,1,0,1
508,Data Scientist,175000,US,US,0,0,1,0,1,0,1,0,0,1,0,0
509,Data Scientist,140000,US,US,0,0,1,0,1,0,1,0,0,1,0,0
512,Analytics Engineer,250000,US,US,0,0,1,0,1,0,1,0,0,1,0,0
513,Analytics Engineer,63000,US,US,0,0,1,0,1,0,1,0,0,1,0,0
514,Data Scientist,160000,US,US,0,0,1,0,1,0,0,0,0,1,0,0
515,Data Scientist,119300,US,US,0,0,1,0,1,0,0,0,0,1,0,0
516,Research Scientist,145000,US,US,0,1,0,0,1,0,0,0,0,1,1,0
517,Data Engineer,105000,US,US,0,0,1,0,1,0,1,0,0,1,0,0
518,Data Engineer,90000,US,US,0,0,1,0,1,0,1,0,0,1,0,0
519,ETL Developer,146200,US,US,0,0,1,0,1,0,1,0,0,1,0,1
520,ETL Developer,124270,US,US,0,0,1,0,1,0,1,0,0,1,0,1
521,Data Scientist,225000,US,US,0,1,0,0,1,0,1,0,0,1,0,0
522,Data Scientist,160000,US,US,0,1,0,0,1,0,1,0,0,1,0,0
526,Analytics Engineer,245000,US,US,0,0,1,0,1,0,1,0,0,1,0,0
527,Analytics Engineer,180000,US,US,0,0,1,0,1,0,1,0,0,1,0,0
528,Analytics Engineer,203500,US,US,0,0,1,0,1,0,1,0,0,1,0,0
529,Analytics Engineer,152000,US,US,0,0,1,0,1,0,1,0,0,1,0,0
530,Data Engineer,250000,US,US,0,0,1,0,1,0,1,0,0,1,0,0
531,Data Engineer,63000,US,US,0,0,1,0,1,0,1,0,0,1,0,0
532,Machine Learning Infrastructure Engineer,186000,US,US,0,0,1,0,1,0,1,0,0,1,0,1
533,Machine Learning Infrastructure Engineer,148800,US,US,0,0,1,0,1,0,1,0,0,1,0,1
536,Data Scientist,82000,US,US,0,0,0,0,1,0,0,0,0,1,0,0
538,Applied Machine Learning Scientist,173000,US,US,0,1,0,0,1,0,1,0,0,1,1,0
539,Data Scientist,203500,US,US,0,0,1,0,1,0,1,0,0,1,0,0
540,Data Scientist,152000,US,US,0,0,1,0,1,0,1,0,0,1,0,0
541,Machine Learning Engineer,186000,US,US,0,0,1,0,1,0,1,0,0,1,0,1
542,Machine Learning Engineer,148800,US,US,0,0,1,0,1,0,1,0,0,1,0,1
544,Data Science Manager,158000,US,US,0,1,0,0,1,0,1,0,0,1,0,1
545,Data Science Manager,134000,US,US,0,1,0,0,1,0,1,0,0,1,0,1
546,Data Scientist,170000,US,US,0,0,1,0,1,0,1,0,0,1,0,1
547,Data Scientist,120000,US,US,0,0,1,0,1,0,1,0,0,1,0,1
548,Analytics Engineer,200000,US,US,1,0,0,0,1,0,1,0,0,1,0,1
549,Analytics Engineer,150000,US,US,1,0,0,0,1,0,1,0,0,1,0,1
550,Data Analyst,216200,US,US,0,0,1,0,1,0,1,0,0,1,0,0
551,Data Analyst,144100,US,US,0,0,1,0,1,0,1,0,0,1,0,0
554,ETL Developer,250000,US,US,0,0,1,0,1,0,1,0,0,1,0,0
555,ETL Developer,63000,US,US,0,0,1,0,1,0,1,0,0,1,0,0
556,Data Engineer,135000,US,US,0,0,1,0,1,0,1,0,0,1,0,1
557,Data Engineer,85000,US,US,0,0,1,0,1,0,1,0,0,1,0,1
558,Machine Learning Engineer,135000,US,US,0,0,1,0,1,0,1,0,0,1,0,1
559,Machine Learning Engineer,85000,US,US,0,0,1,0,1,0,1,0,0,1,0,1
560,Data Science Manager,206000,US,US,0,0,1,0,1,0,1,0,0,1,0,1
561,Data Science Manager,175100,US,US,0,0,1,0,1,0,1,0,0,1,0,1
562,Machine Learning Engineer,189650,US,US,0,0,1,0,1,0,1,0,0,1,0,0
563,Machine Learning Engineer,164996,US,US,0,0,1,0,1,0,1,0,0,1,0,0
564,Data Architect,149040,US,US,0,0,1,0,1,0,1,0,0,1,0,1
565,Data Architect,113900,US,US,0,0,1,0,1,0,1,0,0,1,0,1
566,Data Engineer,154000,US,US,0,0,1,0,1,0,1,0,0,1,0,1
567,Data Engineer,126000,US,US,0,0,1,0,1,0,1,0,0,1,0,1
568,Machine Learning Engineer,200000,US,US,0,0,1,0,1,0,0,0,0,1,0,1
569,Machine Learning Engineer,150000,US,US,0,0,1,0,1,0,0,0,0,1,0,1
570,Data Engineer,195700,US,US,0,0,1,0,1,0,1,0,0,1,0,0
571,Data Engineer,130500,US,US,0,0,1,0,1,0,1,0,0,1,0,0
572,Analytics Engineer,170000,US,US,0,0,1,0,1,0,1,0,0,1,0,1
573,Analytics Engineer,135000,US,US,0,0,1,0,1,0,1,0,0,1,0,1
576,Data Analyst,117000,US,US,0,0,1,0,1,0,1,0,0,1,0,1
577,Data Analyst,99450,US,US,0,0,1,0,1,0,1,0,0,1,0,1
580,Machine Learning Engineer,193900,US,US,0,0,1,0,1,0,1,0,0,1,0,0
581,Machine Learning Engineer,129300,US,US,0,0,1,0,1,0,1,0,0,1,0,0
585,Data Analyst,175000,US,US,0,0,1,0,1,0,1,0,0,1,0,1
586,Data Analyst,130000,US,US,0,0,1,0,1,0,1,0,0,1,0,1
587,Data Engineer,188100,US,US,0,0,1,0,1,0,1,0,0,1,0,0
588,Data Engineer,139860,US,US,0,0,1,0,1,0,1,0,0,1,0,0
589,Machine Learning Engineer,248700,US,US,0,0,1,0,1,0,1,0,0,1,0,0
590,Machine Learning Engineer,167100,US,US,0,0,1,0,1,0,1,0,0,1,0,0
592,Data Scientist,123400,US,US,0,0,1,0,1,0,1,0,0,1,0,0
593,Data Scientist,88100,US,US,0,0,1,0,1,0,1,0,0,1,0,0
595,Data Scientist,245000,US,US,0,0,1,0,1,0,1,0,0,1,0,0
596,Data Scientist,205000,US,US,0,0,1,0,1,0,1,0,0,1,0,0
597,Data Engineer,141300,US,US,0,0,1,0,1,0,1,0,0,1,0,0
598,Data Engineer,102100,US,US,0,0,1,0,1,0,1,0,0,1,0,0
599,Data Architect,141300,US,US,0,0,1,0,1,0,1,0,0,1,0,0
600,Data Architect,102100,US,US,0,0,1,0,1,0,1,0,0,1,0,0
605,Data Architect,250000,US,US,0,0,1,0,1,0,1,0,0,1,0,0
606,Data Architect,63000,US,US,0,0,1,0,1,0,1,0,0,1,0,0
607,Data Science Manager,189500,US,US,0,0,1,0,1,0,0,0,0,1,0,1
608,Data Science Manager,140100,US,US,0,0,1,0,1,0,0,0,0,1,0,1
609,Data Engineer,177600,US,US,0,0,1,0,1,0,0,0,0,1,0,1
610,Data Engineer,131300,US,US,0,0,1,0,1,0,0,0,0,1,0,1
611,Data Engineer,24000,US,US,0,1,0,0,1,0,1,0,0,1,0,0
612,Data Engineer,24000,US,US,0,1,0,0,1,0,1,0,0,1,0,0
613,Data Engineer,250000,US,US,0,0,1,0,1,0,1,0,0,1,0,0
614,Data Engineer,63000,US,US,0,0,1,0,1,0,1,0,0,1,0,0
615,Machine Learning Engineer,202900,US,US,0,0,1,0,1,0,0,0,0,1,0,1
616,Machine Learning Engineer,131300,US,US,0,0,1,0,1,0,0,0,0,1,0,1
617,Data Engineer,145000,US,US,0,0,1,0,1,0,1,0,0,1,0,1
618,Data Engineer,115000,US,US,0,0,1,0,1,0,1,0,0,1,0,1
619,Machine Learning Engineer,115000,US,US,0,0,0,0,1,0,0,0,0,1,1,0
620,Machine Learning Engineer,193900,US,US,0,1,0,0,1,0,1,0,0,1,0,0
621,Machine Learning Engineer,129300,US,US,0,1,0,0,1,0,1,0,0,1,0,0
622,Data Scientist,180000,US,US,0,0,1,0,1,0,0,0,0,1,0,1
623,Data Scientist,140000,US,US,0,0,1,0,1,0,0,0,0,1,0,1
624,Data Analyst,216200,US,US,0,1,0,0,1,0,1,0,0,1,0,0
625,Data Analyst,144100,US,US,0,1,0,0,1,0,1,0,0,1,0,0
626,Machine Learning Scientist,216000,US,US,0,0,1,0,1,0,1,0,0,1,0,0
627,Machine Learning Scientist,144000,US,US,0,0,1,0,1,0,1,0,0,1,0,0
628,Data Analyst,150000,US,US,0,0,0,0,1,0,0,0,0,1,0,1
632,Cloud Data Architect,250000,US,US,0,0,1,0,1,0,0,0,1,0,1,0
636,Data Science Manager,260500,US,US,1,0,0,0,1,0,1,0,0,1,0,0
637,Data Science Manager,175100,US,US,1,0,0,0,1,0,1,0,0,1,0,0
638,Data Engineer,210000,US,US,0,0,1,0,1,0,1,0,0,1,0,1
639,Data Engineer,100000,US,US,0,0,1,0,1,0,1,0,0,1,0,1
640,Data Analyst,55000,US,US,0,0,0,0,1,0,0,1,0,1,0,1
641,Data Analyst,130000,US,US,0,1,0,0,1,0,1,0,0,1,0,1
645,Data Engineer,206699,US,US,0,0,1,0,1,0,1,0,0,1,0,0
646,Data Engineer,99100,US,US,0,0,1,0,1,0,1,0,0,1,0,0
647,Analytics Engineer,200000,US,US,0,1,0,0,1,0,1,0,0,1,0,0
648,Analytics Engineer,54000,US,US,0,1,0,0,1,0,1,0,0,1,0,0
649,Data Engineer,250000,US,US,0,0,1,0,1,0,1,0,0,1,0,0
650,Data Engineer,63000,US,US,0,0,1,0,1,0,1,0,0,1,0,0
651,Data Architect,250000,US,US,0,0,1,0,1,0,1,0,0,1,0,0
652,Data Architect,63000,US,US,0,0,1,0,1,0,1,0,0,1,0,0
653,Data Engineer,250000,US,US,0,0,1,0,1,0,1,0,0,1,0,0
654,Data Engineer,63000,US,US,0,0,1,0,1,0,1,0,0,1,0,0
655,Analytics Engineer,130000,US,US,0,0,0,0,1,0,0,0,0,1,1,0
656,Data Engineer,100000,US,US,0,0,1,0,1,0,0,0,0,1,0,0
657,Data Engineer,80000,US,US,0,0,1,0,1,0,0,0,0,1,0,0
658,Data Scientist,160000,US,US,0,0,1,0,1,0,0,0,0,1,0,0
659,Data Scientist,100000,US,US,0,0,1,0,1,0,0,0,0,1,0,0
660,Data Specialist,221300,US,US,0,0,1,0,1,0,0,0,0,1,0,1
661,Data Specialist,148700,US,US,0,0,1,0,1,0,0,0,0,1,0,1
667,Data Science Manager,249260,US,US,0,0,1,0,1,0,1,0,0,1,0,0
668,Data Science Manager,185400,US,US,0,0,1,0,1,0,1,0,0,1,0,0
669,Data Engineer,170000,US,US,0,0,1,0,1,0,1,0,0,1,0,1
670,Data Engineer,130000,US,US,0,0,1,0,1,0,1,0,0,1,0,1
672,Data Analyst,128875,US,US,0,0,1,0,1,0,1,0,0,1,0,1
673,Data Analyst,93700,US,US,0,0,1,0,1,0,1,0,0,1,0,1
674,Machine Learning Engineer,180000,US,US,0,0,1,0,1,0,1,0,0,1,0,1
675,Machine Learning Engineer,100000,US,US,0,0,1,0,1,0,1,0,0,1,0,1
676,Data Analyst,136260,US,US,0,0,1,0,1,0,1,0,0,1,0,1
677,Data Analyst,109280,US,US,0,0,1,0,1,0,1,0,0,1,0,1
678,Data Scientist,160000,US,US,0,0,1,0,1,0,0,0,0,1,0,1
679,Data Scientist,92000,US,US,0,0,1,0,1,0,0,0,0,1,0,1
680,Data Engineer,200000,US,US,0,0,1,0,1,0,1,0,0,1,0,1
681,Data Engineer,160000,US,US,0,0,1,0,1,0,1,0,0,1,0,1
684,Data Analyst,117000,US,US,0,0,1,0,1,0,1,0,0,1,0,1
685,Data Analyst,99450,US,US,0,0,1,0,1,0,1,0,0,1,0,1
687,Data Engineer,129000,US,US,0,0,0,0,1,0,0,0,0,1,0,1
688,Data Engineer,86000,US,US,0,0,0,0,1,0,0,0,0,1,0,1
691,Data Scientist,160000,US,US,0,0,1,0,1,0,0,0,0,1,0,0
692,Data Scientist,119300,US,US,0,0,1,0,1,0,0,0,0,1,0,0
693,Business Data Analyst,100000,US,US,0,0,1,0,1,0,0,0,0,1,0,1
696,AI Scientist,200000,US,US,0,1,0,0,1,0,1,0,0,1,0,1
697,Machine Learning Developer,180000,US,US,0,0,0,0,1,0,0,0,0,1,0,1
698,Data Scientist,153000,US,US,0,1,0,0,1,0,0,0,0,1,0,1
699,Data Engineer,210000,US,US,0,0,1,0,1,0,1,0,0,1,0,1
700,Data Engineer,100000,US,US,0,0,1,0,1,0,1,0,0,1,0,1
701,Data Analyst,150075,US,US,0,0,1,0,1,0,1,0,0,1,0,1
702,Data Analyst,110925,US,US,0,0,1,0,1,0,1,0,0,1,0,1
704,Data Scientist,160000,US,US,0,0,1,0,1,0,0,0,0,1,0,1
705,Data Scientist,92000,US,US,0,0,1,0,1,0,0,0,0,1,0,1
706,Machine Learning Engineer,202900,US,US,0,0,1,0,1,0,0,0,0,1,0,1
707,Machine Learning Engineer,131300,US,US,0,0,1,0,1,0,0,0,0,1,0,1
710,Data Engineer,175000,US,US,0,0,1,0,1,0,1,0,0,1,0,1
711,Data Engineer,135000,US,US,0,0,1,0,1,0,1,0,0,1,0,1
713,Machine Learning Engineer,83000,US,US,0,0,0,0,1,0,0,0,0,1,0,0
716,Data Scientist,186000,US,US,0,0,1,0,1,0,1,0,0,1,0,0
717,Data Scientist,148800,US,US,0,0,1,0,1,0,1,0,0,1,0,0
718,Data Analyst,112900,US,US,0,0,1,0,1,0,1,0,0,1,0,0
719,Data Analyst,90320,US,US,0,0,1,0,1,0,1,0,0,1,0,0
720,ML Engineer,240000,US,US,0,0,1,0,1,0,1,0,0,1,0,0
721,ML Engineer,160000,US,US,0,0,1,0,1,0,1,0,0,1,0,0
722,Data Science Manager,300000,US,US,0,0,1,0,1,0,1,0,0,1,0,1
723,Data Science Manager,200000,US,US,0,0,1,0,1,0,1,0,0,1,0,1
728,AI Scientist,120000,US,US,0,1,0,0,1,0,1,0,0,1,0,0
729,Data Analyst,112900,US,US,0,0,1,0,1,0,1,0,0,1,0,1
730,Data Analyst,90320,US,US,0,0,1,0,1,0,1,0,0,1,0,1
731,Data Analytics Manager,145000,US,US,0,0,1,0,1,0,1,0,0,1,0,1
732,Data Analytics Manager,105400,US,US,0,0,1,0,1,0,1,0,0,1,0,1
736,Data Scientist,215300,US,US,0,0,1,0,1,0,0,0,0,1,0,1
737,Data Scientist,158200,US,US,0,0,1,0,1,0,0,0,0,1,0,1
738,Data Engineer,209100,US,US,0,0,1,0,1,0,0,0,0,1,0,1
739,Data Engineer,154600,US,US,0,0,1,0,1,0,0,0,0,1,0,1
740,Data Analyst,115934,US,US,0,0,1,0,1,0,1,0,0,1,0,0
741,Data Analyst,81666,US,US,0,0,1,0,1,0,1,0,0,1,0,0
742,Data Engineer,175000,US,US,0,0,1,0,1,0,1,0,0,1,0,1
743,Data Engineer,155000,US,US,0,0,1,0,1,0,1,0,0,1,0,1
745,Data Analyst,164000,US,US,0,0,1,0,1,0,1,0,0,1,0,0
746,Data Analyst,132000,US,US,0,0,1,0,1,0,1,0,0,1,0,0
747,Data Scientist,170000,US,US,0,0,1,0,1,0,1,0,0,1,0,1
748,Data Scientist,123000,US,US,0,0,1,0,1,0,1,0,0,1,0,1
749,Machine Learning Engineer,189650,US,US,0,0,1,0,1,0,1,0,0,1,0,0
750,Machine Learning Engineer,164996,US,US,0,0,1,0,1,0,1,0,0,1,0,0
754,Data Engineer,165400,US,US,0,0,1,0,1,0,1,0,0,1,0,1
755,Data Engineer,132320,US,US,0,0,1,0,1,0,1,0,0,1,0,1
756,Data Architect,208775,US,US,0,0,1,0,1,0,1,0,0,1,0,1
757,Data Architect,147800,US,US,0,0,1,0,1,0,1,0,0,1,0,1
758,Data Engineer,136994,US,US,0,0,1,0,1,0,1,0,0,1,0,1
759,Data Engineer,101570,US,US,0,0,1,0,1,0,1,0,0,1,0,1
760,Data Analyst,128875,US,US,0,0,1,0,1,0,1,0,0,1,0,1
761,Data Analyst,93700,US,US,0,0,1,0,1,0,1,0,0,1,0,1
764,Data Engineer,183600,US,US,0,0,1,0,1,0,0,0,0,1,0,1
765,Data Engineer,100800,US,US,0,0,1,0,1,0,0,0,0,1,0,1
776,Machine Learning Engineer,189650,US,US,0,0,1,0,1,0,1,0,0,1,0,0
777,Machine Learning Engineer,164996,US,US,0,0,1,0,1,0,1,0,0,1,0,0
782,Data Scientist,215300,US,US,0,0,1,0,1,0,0,0,0,1,0,0
783,Data Scientist,140400,US,US,0,0,1,0,1,0,0,0,0,1,0,0
786,Data Scientist,260000,US,US,0,0,1,0,1,0,1,0,0,1,0,1
787,Data Scientist,180000,US,US,0,0,1,0,1,0,1,0,0,1,0,1
796,Data Engineer,82900,US,US,0,1,0,0,1,0,1,0,0,1,0,0
797,Data Engineer,63900,US,US,0,1,0,0,1,0,1,0,0,1,0,0
798,Machine Learning Scientist,160000,US,US,0,1,0,0,1,0,0,0,0,1,0,1
799,Machine Learning Scientist,112300,US,US,0,1,0,0,1,0,0,0,0,1,0,1
800,Data Science Manager,241000,US,US,0,1,0,0,1,0,1,0,0,1,0,1
801,Data Science Manager,159000,US,US,0,1,0,0,1,0,1,0,0,1,0,1
802,Data Scientist,180000,US,US,0,0,1,0,1,0,1,0,0,1,0,0
803,Data Scientist,80000,US,US,0,0,1,0,1,0,1,0,0,1,0,0
804,Data Analyst,58000,US,US,0,1,0,0,1,0,0,1,0,1,0,0
805,Data Analyst,58000,US,US,0,1,0,0,1,0,0,1,0,1,0,0
806,Data Engineer,136000,US,US,0,0,1,0,1,0,1,0,0,1,0,0
807,Data Engineer,108800,US,US,0,0,1,0,1,0,1,0,0,1,0,0
808,Data Engineer,242000,US,US,1,0,0,0,1,0,1,0,0,1,0,1
809,Data Engineer,200000,US,US,1,0,0,0,1,0,1,0,0,1,0,1
814,Data Scientist,165220,US,US,0,0,1,0,1,0,1,0,0,1,0,1
815,Data Scientist,120160,US,US,0,0,1,0,1,0,1,0,0,1,0,1
816,Data Analyst,124190,US,US,0,0,1,0,1,0,1,0,0,1,0,1
817,Data Analyst,90320,US,US,0,0,1,0,1,0,1,0,0,1,0,1
818,Data Engineer,181940,US,US,0,0,1,0,1,0,1,0,0,1,0,0
819,Data Engineer,132320,US,US,0,0,1,0,1,0,1,0,0,1,0,0
820,Data Engineer,220110,US,US,0,0,1,0,1,0,1,0,0,1,0,0
821,Data Engineer,160080,US,US,0,0,1,0,1,0,1,0,0,1,0,0
822,Data Scientist,180000,US,US,0,0,1,0,1,0,0,0,0,1,0,0
823,Data Scientist,120000,US,US,0,0,1,0,1,0,0,0,0,1,0,0
824,Data Analyst,126500,US,US,0,1,0,0,1,0,1,0,0,1,0,0
825,Data Analyst,106260,US,US,0,1,0,0,1,0,1,0,0,1,0,0
826,Data Analyst,116000,US,US,0,0,1,0,1,0,1,0,0,1,0,0
827,Data Analyst,99000,US,US,0,0,1,0,1,0,1,0,0,1,0,0
828,Data Analyst,155000,US,US,0,0,1,0,1,0,1,0,0,1,0,1
829,Data Analyst,120600,US,US,0,0,1,0,1,0,1,0,0,1,0,1
830,Data Scientist,130000,US,US,0,1,0,0,1,0,1,0,0,1,0,0
831,Data Scientist,90000,US,US,0,1,0,0,1,0,1,0,0,1,0,0
832,Data Engineer,170000,US,US,0,1,0,0,1,0,1,0,0,1,0,1
833,Data Engineer,150000,US,US,0,1,0,0,1,0,1,0,0,1,0,1
834,Data Analyst,102100,US,US,0,0,1,0,1,0,1,0,0,1,0,1
835,Data Analyst,84900,US,US,0,0,1,0,1,0,1,0,0,1,0,1
836,Data Scientist,136620,US,US,0,0,1,0,1,0,1,0,0,1,0,1
837,Data Scientist,99360,US,US,0,0,1,0,1,0,1,0,0,1,0,1
840,Data Scientist,146000,US,US,0,0,1,0,1,0,1,0,0,1,0,1
841,Data Scientist,123000,US,US,0,0,1,0,1,0,1,0,0,1,0,1
844,Data Analyst,130000,US,US,1,0,0,0,1,0,1,0,0,1,0,1
845,Data Analyst,110000,US,US,1,0,0,0,1,0,1,0,0,1,0,1
846,Data Analyst,170000,US,US,0,0,1,0,1,0,1,0,0,1,0,1
847,Data Analyst,135000,US,US,0,0,1,0,1,0,1,0,0,1,0,1
848,Data Science Manager,161342,US,US,0,0,1,0,1,0,1,0,0,1,0,1
849,Data Science Manager,137141,US,US,0,0,1,0,1,0,1,0,0,1,0,1
850,Data Scientist,167000,US,US,0,0,1,0,1,0,1,0,0,1,0,1
851,Data Scientist,123000,US,US,0,0,1,0,1,0,1,0,0,1,0,1
854,Data Scientist,211500,US,US,0,0,1,0,1,0,1,0,0,1,0,1
855,Data Scientist,138600,US,US,0,0,1,0,1,0,1,0,0,1,0,1
862,Data Engineer,160000,US,US,0,0,1,0,1,0,0,0,0,1,0,0
863,Data Engineer,113000,US,US,0,0,1,0,1,0,0,0,0,1,0,0
864,Data Scientist,150000,US,US,0,0,1,0,1,0,1,0,0,1,0,0
865,Data Scientist,95550,US,US,0,0,1,0,1,0,1,0,0,1,0,0
866,Data Analyst,167000,US,US,0,1,0,0,1,0,1,0,0,1,0,1
867,Data Analyst,115500,US,US,0,1,0,0,1,0,1,0,0,1,0,1
868,Data Analyst,112900,US,US,0,0,1,0,1,0,1,0,0,1,0,1
869,Data Analyst,90320,US,US,0,0,1,0,1,0,1,0,0,1,0,1
870,Data Analyst,112900,US,US,0,0,1,0,1,0,1,0,0,1,0,1
871,Data Analyst,90320,US,US,0,0,1,0,1,0,1,0,0,1,0,1
872,Data Engineer,165400,US,US,0,0,1,0,1,0,1,0,0,1,0,1
873,Data Engineer,132320,US,US,0,0,1,0,1,0,1,0,0,1,0,1
874,Data Engineer,243900,US,US,0,0,1,0,1,0,1,0,0,1,0,1
875,Data Engineer,156600,US,US,0,0,1,0,1,0,1,0,0,1,0,1
876,Data Analyst,136600,US,US,0,0,1,0,1,0,1,0,0,1,0,1
877,Data Analyst,109280,US,US,0,0,1,0,1,0,1,0,0,1,0,1
878,Data Engineer,128875,US,US,0,0,1,0,1,0,1,0,0,1,0,1
879,Data Engineer,93700,US,US,0,0,1,0,1,0,1,0,0,1,0,1
880,Head of Data Science,224000,US,US,1,0,0,0,1,0,1,0,0,1,0,1
881,Head of Data Science,167875,US,US,1,0,0,0,1,0,1,0,0,1,0,1
882,Analytics Engineer,175000,US,US,1,0,0,0,1,0,1,0,0,1,0,1
883,Analytics Engineer,135000,US,US,1,0,0,0,1,0,1,0,0,1,0,1
884,Data Engineer,209100,US,US,0,0,1,0,1,0,0,0,0,1,0,1
885,Data Engineer,154600,US,US,0,0,1,0,1,0,0,0,0,1,0,1
886,Data Engineer,180000,US,US,0,0,1,0,1,0,1,0,0,1,0,1
887,Data Engineer,160000,US,US,0,0,1,0,1,0,1,0,0,1,0,1
888,Data Scientist,205300,US,US,0,0,1,0,1,0,0,0,0,1,0,0
889,Data Scientist,140400,US,US,0,0,1,0,1,0,0,0,0,1,0,0
890,Data Scientist,176000,US,US,0,0,1,0,1,0,1,0,0,1,0,1
891,Data Scientist,144000,US,US,0,0,1,0,1,0,1,0,0,1,0,1
892,Data Engineer,200100,US,US,0,0,1,0,1,0,1,0,0,1,0,1
893,Data Engineer,160000,US,US,0,0,1,0,1,0,1,0,0,1,0,1
894,Data Engineer,70500,US,US,0,0,1,0,1,0,1,0,0,1,0,0
895,Data Engineer,54000,US,US,0,0,1,0,1,0,1,0,0,1,0,0
896,Data Scientist,205300,US,US,0,0,1,0,1,0,1,0,0,1,0,0
897,Data Scientist,140400,US,US,0,0,1,0,1,0,1,0,0,1,0,0
898,Analytics Engineer,205300,US,US,0,0,1,0,1,0,1,0,0,1,0,0
899,Analytics Engineer,184700,US,US,0,0,1,0,1,0,1,0,0,1,0,0
900,Data Engineer,175100,US,US,0,0,1,0,1,0,1,0,0,1,0,1
901,Data Engineer,140250,US,US,0,0,1,0,1,0,1,0,0,1,0,1
902,Data Analyst,116150,US,US,0,0,1,0,1,0,1,0,0,1,0,1
903,Data Analyst,99050,US,US,0,0,1,0,1,0,1,0,0,1,0,1
904,Data Engineer,145000,US,US,0,0,1,0,1,0,1,0,0,1,0,1
905,Data Engineer,130000,US,US,0,0,1,0,1,0,1,0,0,1,0,1
906,Data Analyst,112900,US,US,0,0,1,0,1,0,1,0,0,1,0,1
907,Data Analyst,90320,US,US,0,0,1,0,1,0,1,0,0,1,0,1
910,Machine Learning Engineer,214000,US,US,0,0,1,0,1,0,1,0,0,1,0,1
911,Machine Learning Engineer,192600,US,US,0,0,1,0,1,0,1,0,0,1,0,1
912,Data Architect,266400,US,US,0,0,1,0,1,0,1,0,0,1,0,1
913,Data Architect,213120,US,US,0,0,1,0,1,0,1,0,0,1,0,1
914,Data Engineer,155000,US,US,0,0,1,0,1,0,1,0,0,1,0,1
915,Data Engineer,115000,US,US,0,0,1,0,1,0,1,0,0,1,0,1
916,Data Scientist,141300,US,US,0,1,0,0,1,0,1,0,0,1,0,0
917,Data Scientist,102100,US,US,0,1,0,0,1,0,1,0,0,1,0,0
918,Data Analyst,115934,US,US,0,0,1,0,1,0,1,0,0,1,0,1
919,Data Analyst,81666,US,US,0,0,1,0,1,0,1,0,0,1,0,1
920,Data Engineer,206699,US,US,0,1,0,0,1,0,1,0,0,1,0,0
921,Data Engineer,99100,US,US,0,1,0,0,1,0,1,0,0,1,0,0
922,Data Engineer,130000,US,US,0,0,1,0,1,0,1,0,0,1,0,1
923,Data Engineer,110500,US,US,0,0,1,0,1,0,1,0,0,1,0,1
926,Data Analyst,80000,US,US,0,0,1,0,1,0,1,0,0,1,0,1
927,Data Analyst,60000,US,US,0,0,1,0,1,0,1,0,0,1,0,1
928,Data Architect,192564,US,US,0,0,1,0,1,0,1,0,0,1,0,1
929,Data Architect,144854,US,US,0,0,1,0,1,0,1,0,0,1,0,1
930,Data Scientist,230000,US,US,0,0,1,0,1,0,1,0,0,1,0,1
931,Data Scientist,150000,US,US,0,0,1,0,1,0,1,0,0,1,0,1
932,Data Analytics Manager,150260,US,US,0,0,1,0,1,0,1,0,0,1,0,1
933,Data Analytics Manager,109280,US,US,0,0,1,0,1,0,1,0,0,1,0,1
934,Data Analyst,170000,US,US,0,0,1,0,1,0,1,0,0,1,0,1
935,Data Analyst,150000,US,US,0,0,1,0,1,0,1,0,0,1,0,1
936,Data Scientist,160000,US,US,0,1,0,0,1,0,1,0,0,1,0,1
937,Data Scientist,130000,US,US,0,1,0,0,1,0,1,0,0,1,0,1
940,Data Engineer,154000,US,US,0,0,1,0,1,0,1,0,0,1,0,1
941,Data Engineer,126000,US,US,0,0,1,0,1,0,1,0,0,1,0,1
942,Data Analyst,129000,US,US,0,0,1,0,1,0,1,0,0,1,0,0
943,Data Analyst,99000,US,US,0,0,1,0,1,0,1,0,0,1,0,0
944,Data Scientist,210000,US,US,0,0,1,0,1,0,1,0,0,1,0,1
945,Data Scientist,140000,US,US,0,0,1,0,1,0,1,0,0,1,0,1
946,Data Scientist,210000,US,US,0,0,1,0,1,0,1,0,0,1,0,1
947,Data Scientist,140000,US,US,0,0,1,0,1,0,1,0,0,1,0,1
948,Data Scientist,210000,US,US,0,0,1,0,1,0,1,0,0,1,0,1
949,Data Scientist,140000,US,US,0,0,1,0,1,0,1,0,0,1,0,1
950,Data Analyst,100000,US,US,0,0,1,0,1,0,1,0,0,1,0,1
951,Data Analyst,69000,US,US,0,0,1,0,1,0,1,0,0,1,0,1
952,Data Scientist,210000,US,US,0,0,1,0,1,0,1,0,0,1,0,1
953,Data Scientist,140000,US,US,0,0,1,0,1,0,1,0,0,1,0,1
954,Data Analyst,150075,US,US,0,0,1,0,1,0,1,0,0,1,0,1
955,Data Analyst,110925,US,US,0,0,1,0,1,0,1,0,0,1,0,1
956,Data Engineer,100000,US,US,0,0,1,0,1,0,1,0,0,1,0,1
957,Data Engineer,25000,US,US,0,0,1,0,1,0,1,0,0,1,0,1
958,Data Analyst,126500,US,US,0,0,1,0,1,0,1,0,0,1,0,1
959,Data Analyst,106260,US,US,0,0,1,0,1,0,1,0,0,1,0,1
960,Data Engineer,220110,US,US,0,0,1,0,1,0,1,0,0,1,0,1
961,Data Engineer,160080,US,US,0,0,1,0,1,0,1,0,0,1,0,1
962,Data Analyst,105000,US,US,0,0,1,0,1,0,1,0,0,1,0,1
963,Data Analyst,100000,US,US,0,0,1,0,1,0,1,0,0,1,0,1
964,Data Analyst,170000,US,US,0,0,1,0,1,0,1,0,0,1,0,1
965,Data Analyst,135000,US,US,0,0,1,0,1,0,1,0,0,1,0,1
966,Data Scientist,230000,US,US,0,0,1,0,1,0,1,0,0,1,0,1
967,Data Scientist,140000,US,US,0,0,1,0,1,0,1,0,0,1,0,1
968,Data Analyst,135000,US,US,0,1,0,0,1,0,1,0,0,1,0,1
969,Data Analyst,50000,US,US,0,1,0,0,1,0,1,0,0,1,0,1
970,Data Scientist,220000,US,US,0,0,1,0,1,0,1,0,0,1,0,1
971,Data Scientist,140000,US,US,0,0,1,0,1,0,1,0,0,1,0,1
974,Machine Learning Engineer,220000,US,US,0,0,1,0,1,0,1,0,0,1,0,1
975,Machine Learning Engineer,120000,US,US,0,0,1,0,1,0,1,0,0,1,0,1
976,Data Scientist,200000,US,US,0,1,0,0,1,0,1,0,0,1,0,1
977,Data Scientist,120000,US,US,0,1,0,0,1,0,1,0,0,1,0,1
981,Data Engineer,216000,US,US,1,0,0,0,1,0,1,0,0,1,0,1
982,Data Engineer,210000,US,US,0,0,1,0,1,0,1,0,0,1,0,1
983,Data Engineer,100000,US,US,0,0,1,0,1,0,1,0,0,1,0,1
984,Data Scientist,185100,US,US,0,0,1,0,1,0,1,0,0,1,0,1
985,Data Scientist,104890,US,US,0,0,1,0,1,0,1,0,0,1,0,1
986,Data Engineer,105000,US,US,0,0,1,0,1,0,1,0,0,1,0,1
987,Data Engineer,80000,US,US,0,0,1,0,1,0,1,0,0,1,0,1
991,Machine Learning Engineer,120000,US,US,0,1,0,0,1,0,0,1,0,1,0,1
992,NLP Engineer,35988,US,US,0,1,0,0,1,0,0,0,0,1,1,0
999,Applied Data Scientist,157000,US,US,0,1,0,0,1,0,0,0,0,1,0,1
1001,Data Engineer,65000,US,US,0,0,0,0,1,0,0,1,0,1,0,1
1003,Data Scientist,109000,US,US,0,1,0,0,1,0,0,0,1,0,1,0
1010,Data Scientist,78000,US,US,0,1,0,0,1,0,1,0,0,1,0,1
1011,Data Engineer,135000,US,US,0,0,1,0,1,0,1,0,0,1,0,1
1012,Data Engineer,115000,US,US,0,0,1,0,1,0,1,0,0,1,0,1
1020,Data Scientist,165000,US,US,0,0,1,0,1,0,1,0,0,1,0,1
1021,Machine Learning Scientist,153000,US,US,0,1,0,0,1,0,1,0,0,1,1,0
1031,Data Science Manager,152500,US,US,0,0,1,0,1,0,1,0,0,1,0,1
1032,Research Scientist,120000,US,US,0,0,0,0,1,0,0,0,0,1,0,1
1033,Data Scientist,135000,US,US,0,1,0,0,1,0,0,0,0,1,0,1
1035,Data Engineering Manager,150000,US,US,0,0,1,0,1,0,0,0,1,0,0,0
1036,Data Science Manager,240000,US,US,0,0,1,0,1,0,0,0,1,0,0,0
1037,Data Analyst,135000,US,US,0,1,0,0,1,0,0,0,1,0,0,1
1038,Data Scientist,80000,US,US,0,0,0,0,1,0,1,0,1,0,0,1
1041,Applied Data Scientist,177000,US,US,0,0,1,0,1,0,0,0,0,1,0,1
1045,Principal Data Scientist,220000,US,US,0,0,1,0,1,0,0,0,1,0,0,0
1049,Data Analyst,90000,US,US,0,1,0,0,1,0,1,0,1,0,0,1
1051,Data Scientist,100000,US,US,0,0,0,0,1,0,0,1,1,0,0,0
1053,Research Scientist,144000,US,US,0,0,1,0,1,0,0,0,0,1,1,0
1057,Financial Data Analyst,100000,US,US,0,0,0,0,1,0,0,0,0,1,1,0
1058,Data Scientist,82500,US,US,0,1,0,0,1,0,0,1,1,0,0,1
1061,Data Engineer,120000,US,US,0,0,0,0,1,0,1,0,0,1,0,1
1064,Computer Vision Engineer,125000,US,US,0,0,0,0,1,0,1,0,0,1,0,0
1066,Machine Learning Scientist,120000,US,US,0,0,1,0,1,0,0,1,1,0,1,0
1070,Data Analyst,50000,US,US,0,0,0,0,1,0,1,0,1,0,0,1
1071,Principal Data Engineer,200000,US,US,0,0,1,0,1,0,1,0,1,0,0,1
1073,Data Engineer,200000,US,US,0,1,0,0,1,0,0,0,1,0,0,1
1075,Data Engineer,100000,US,US,0,1,0,0,1,0,0,0,1,0,0,1
1080,Data Architect,170000,US,US,0,1,0,0,1,0,0,0,1,0,0,1
1081,Data Architect,150000,US,US,0,1,0,0,1,0,0,0,1,0,0,1
1082,BI Data Analyst,55000,US,US,0,0,0,0,1,0,0,1,1,0,1,0
1083,Director of Data Science,250000,US,US,1,0,0,0,1,0,0,0,1,0,0,0
1084,Data Engineer,80000,US,US,0,0,0,0,1,0,0,0,1,0,0,1
1085,Big Data Engineer,70000,US,US,0,0,0,0,1,0,0,0,0,0,0,1
1091,Machine Learning Engineer,125000,US,US,0,0,0,0,1,0,0,1,1,0,0,1
1092,Data Analytics Manager,120000,US,US,0,0,1,0,1,0,1,0,1,0,0,1
1097,Data Science Manager,144000,US,US,0,0,1,0,1,0,0,0,1,0,0,1
1100,Data Scientist,150000,US,US,0,1,0,0,1,0,1,0,1,0,0,1
1101,Data Science Consultant,103000,US,US,0,1,0,0,1,0,0,0,0,0,0,1
1102,Data Engineering Manager,153000,US,US,0,0,1,0,1,0,0,0,1,0,0,1
1103,Data Engineer,90000,US,US,0,1,0,0,1,0,0,0,1,0,0,1
1104,Data Analyst,90000,US,US,0,0,0,0,1,0,0,1,1,0,0,1
1105,Data Analyst,60000,US,US,0,0,0,0,1,0,0,1,1,0,0,1
1109,ML Engineer,270000,US,US,0,1,0,0,0,0,0,0,1,0,0,1
1114,Data Analytics Engineer,110000,US,US,0,1,0,0,1,0,0,0,1,0,0,1
1116,Machine Learning Engineer,250000,US,US,0,0,0,0,1,0,0,0,0,0,1,0
1120,Machine Learning Engineer,138000,US,US,0,0,0,0,1,0,0,1,0,0,0,1
1121,Data Engineer,140000,US,US,0,1,0,0,1,0,0,0,1,0,0,1
1123,Lead Data Analyst,170000,US,US,0,0,1,0,1,0,0,0,1,0,0,1
1124,Data Analyst,80000,US,US,0,0,0,0,1,0,1,0,1,0,0,1
1126,BI Data Analyst,100000,US,US,0,1,0,0,1,0,1,0,1,0,0,1
1128,Head of Data,235000,US,US,1,0,0,0,1,0,0,0,1,0,0,1
1131,Machine Learning Scientist,225000,US,US,0,0,0,0,1,0,0,0,1,0,0,1
1139,Data Engineer,150000,US,US,0,0,1,0,1,0,1,0,1,0,0,1
1140,Data Engineer,115000,US,US,0,0,1,0,1,0,0,1,1,0,0,1
1143,Data Engineer,106000,US,US,0,1,0,0,1,0,0,0,0,0,0,1
1146,Data Engineer,150000,US,US,0,0,1,0,1,0,0,0,1,0,0,1
1149,Computer Vision Software Engineer,70000,US,US,0,0,0,0,1,0,1,0,1,0,0,1
1154,Lead Data Engineer,276000,US,US,0,0,1,0,1,0,0,0,1,0,0,0
1155,Data Engineer,188000,US,US,0,0,1,0,1,0,0,0,0,0,0,1
1157,Data Scientist,105000,US,US,0,1,0,0,1,0,0,0,0,0,0,1
1158,Data Engineer,200000,US,US,0,1,0,0,1,0,0,0,1,0,0,1
1159,Data Engineering Manager,174000,US,US,0,0,1,0,1,0,0,0,1,0,0,1
1160,Data Analyst,93000,US,US,0,1,0,0,1,0,0,0,1,0,0,1
1163,Data Scientist,90000,US,US,0,0,0,0,1,0,0,1,1,0,0,1
1167,Principal Data Analyst,170000,US,US,0,0,1,0,1,0,1,0,1,0,0,1
1172,Data Analyst,91000,US,US,0,0,0,0,1,0,0,0,0,0,0,1
1174,Data Scientist,165000,US,US,0,0,1,0,1,0,0,0,1,0,0,1
1175,Data Analyst,80000,US,US,0,1,0,0,1,0,0,0,1,0,0,1
1182,Head of Data Science,110000,US,US,0,1,0,0,1,0,0,1,1,0,0,0
1183,Data Architect,180000,US,US,0,1,0,0,1,0,0,0,1,0,0,1
1184,Data Analyst,200000,US,US,0,0,1,0,1,0,0,0,1,0,0,1
1186,Director of Data Engineering,200000,US,US,0,0,1,0,1,0,0,0,1,0,0,1
1187,ML Engineer,256000,US,US,0,0,1,0,1,0,0,1,1,0,0,1
1188,Data Engineer,110000,US,US,0,1,0,0,1,0,0,0,1,0,0,1
1190,Data Engineer,72500,US,US,0,0,0,0,1,0,0,0,1,0,0,1
1191,Machine Learning Engineer,185000,US,US,0,0,1,0,1,0,0,0,1,0,1,0
1194,Data Engineer,112000,US,US,0,1,0,0,1,0,0,0,1,0,0,1
1195,Machine Learning Engineer,150000,US,US,0,0,1,0,1,0,0,0,0,0,1,0
1198,Data Scientist,58000,US,US,0,0,0,0,1,0,0,0,1,0,1,0
1199,Data Scientist,100000,US,US,0,0,0,0,1,0,1,0,1,0,0,1
1203,Staff Data Scientist,105000,US,US,0,0,1,0,0,0,1,0,1,0,0,1
1204,Data Analyst,72000,US,US,0,0,0,0,1,0,0,0,0,0,0,1
1207,Data Engineer,111775,US,US,0,1,0,0,1,0,1,0,1,0,0,0
1208,Data Engineer,93150,US,US,0,1,0,0,1,0,1,0,1,0,0,0
1214,Lead Data Scientist,190000,US,US,0,0,1,0,1,0,0,1,0,0,0,1
1219,Data Scientist,135000,US,US,0,0,1,0,1,0,0,0,1,0,0,0
1224,Data Scientist,147000,US,US,0,1,0,0,1,0,0,0,1,0,1,0
1226,Data Science Manager,174000,US,US,0,0,1,0,1,0,0,0,1,0,0,1
1227,Business Data Analyst,135000,US,US,0,1,0,0,1,0,0,0,0,0,0,1
1236,Lead Data Analyst,87000,US,US,0,1,0,0,1,0,0,0,0,0,0,1
1241,Machine Learning Engineer,81000,US,US,0,0,0,0,1,0,0,1,1,0,1,0
1244,Data Science Consultant,90000,US,US,0,0,0,0,1,0,0,1,1,0,0,1
1246,Machine Learning Infrastructure Engineer,195000,US,US,0,0,1,0,1,0,1,0,1,0,0,1
1248,Data Analyst,85000,US,US,0,1,0,0,1,0,0,0,0,0,0,1
1266,BI Data Analyst,98000,US,US,0,1,0,0,1,0,1,0,0,0,0,0
1270,Data Analytics Manager,120000,US,US,0,0,1,0,1,0,0,0,1,0,0,0
1273,Machine Learning Engineer,200000,US,US,0,0,1,0,1,0,0,0,1,0,0,1
1275,Data Scientist,160000,US,US,0,1,0,0,1,0,0,0,1,0,0,1
1280,Data Engineer,165000,US,US,0,0,1,0,1,0,1,0,1,0,0,0
1283,Principal Data Engineer,185000,US,US,0,0,1,0,1,0,0,0,1,0,0,1
1287,Data Engineer,110000,US,US,0,1,0,0,1,0,0,0,0,0,0,1
1288,Data Analytics Manager,140000,US,US,0,0,1,0,1,0,0,0,1,0,0,1
1289,Data Scientist,120000,US,US,0,0,1,0,1,0,0,0,0,0,1,0
1298,Data Scientist,130000,US,US,0,1,0,0,1,0,0,0,1,0,1,0
1309,Data Scientist,115000,US,US,0,1,0,0,1,0,0,0,1,0,1,0
1310,Principal Data Scientist,235000,US,US,0,0,1,0,1,0,0,0,1,0,0,1
1313,Data Analyst,75000,US,US,0,1,0,0,1,0,0,0,1,0,0,0
1314,Data Analyst,62000,US,US,0,1,0,0,1,0,0,0,1,0,0,0
1315,Data Scientist,73000,US,US,0,1,0,0,1,0,0,0,1,0,0,0
1317,Data Science Manager,190200,US,US,0,0,1,0,1,0,1,0,0,0,0,1
1318,Data Scientist,118000,US,US,0,1,0,0,1,0,1,0,0,0,0,1
1319,Data Scientist,138350,US,US,0,1,0,0,1,0,1,0,0,0,0,1
1326,Data Specialist,165000,US,US,0,0,1,0,1,0,0,0,1,0,0,1
1328,Principal Data Scientist,151000,US,US,0,1,0,0,1,0,0,0,1,0,0,1
1329,Data Scientist,105000,US,US,0,0,0,0,1,0,0,1,0,0,0,1
1330,Business Data Analyst,100000,US,US,0,0,0,0,0,0,0,0,0,0,0,1
